<?xml version="1.0" encoding="UTF-8"?>
<!DOCTYPE nitf SYSTEM "http://www.nitf.org/IPTC/NITF/3.3/specification/dtd/nitf-3-3.dtd">
<nitf change.date="June 10, 2005" change.time="19:30" version="-//IPTC//DTD NITF 3.3//EN">
  <head>
    <title>Augusto Arbizo, Mala Iqbal and Kanishka Raja</title>
    <meta content="RV010437" name="slug"/>
    <meta content="14" name="publication_day_of_month"/>
    <meta content="12" name="publication_month"/>
    <meta content="2001" name="publication_year"/>
    <meta content="Friday" name="publication_day_of_week"/>
    <meta content="Leisure/Weekend Desk" name="dsk"/>
    <meta content="40" name="print_page_number"/>
    <meta content="E" name="print_section"/>
    <meta content="1" name="print_column"/>
    <meta content="Arts" name="online_sections"/>
    <docdata>
      <doc-id id-string="1351314"/>
      <doc.copyright holder="The New York Times" year="2001"/>
      <series series.name="ART IN REVIEW"/>
      <identified-content>
        <classifier class="indexing_service" type="descriptor">Art</classifier>
        <classifier class="indexing_service" type="descriptor">Reviews</classifier>
        <person class="indexing_service">Smith, Roberta</person>
        <person class="indexing_service">Arbizo, Augusto</person>
        <person class="indexing_service">Iqbal, Mala</person>
        <person class="indexing_service">Raja, Kanishka</person>
        <classifier class="online_producer" type="types_of_material">Review</classifier>
        <classifier class="online_producer" type="taxonomic_classifier">Top/Features/Arts</classifier>
        <classifier class="online_producer" type="taxonomic_classifier">Top/Features/Arts/Art and Design/Reviews</classifier>
        <classifier class="online_producer" type="taxonomic_classifier">Top/Features/Arts/Art and Design</classifier>
        <classifier class="online_producer" type="taxonomic_classifier">Top/Features/Travel/Guides/Activities and Interests/Art</classifier>
        <classifier class="online_producer" type="general_descriptor">Art</classifier>
      </identified-content>
    </docdata>
    <pubdata date.publication="20011214T000000" ex-ref="http://query.nytimes.com/gst/fullpage.html?res=9C01E3D6103FF937A25751C1A9679C8B63" item-length="262" name="The New York Times" unit-of-measure="word"/>
  </head>
  <body>
    <body.head>
      <hedline>
        <hl1>Augusto Arbizo, Mala Iqbal and Kanishka Raja</hl1>
      </hedline>
      <byline class="print_byline">By ROBERTA SMITH</byline>
      <byline class="normalized_byline">Smith, Roberta</byline>
      <abstract>
        <p>Roberta Smith reviews sculpture by Augusto Arbizo, Mala Iqbal and Kanishka Raja at Bellwether gallery (S)</p>
      </abstract>
    </body.head>
    <body.content>
      <block class="lead_paragraph">
        <p>Bellwether  335 Grand Street  Williamsburg, Brooklyn  Through Monday</p>
        <p>Painting looks healthy and hybrid in this show by three young artists from diverse backgrounds who all attended American art schools and share a penchant for artificial color and worked surfaces.</p>
      </block>
      <block class="full_text">
        <p>Bellwether  335 Grand Street  Williamsburg, Brooklyn  Through Monday</p>
        <p>Painting looks healthy and hybrid in this show by three young artists from diverse backgrounds who all attended American art schools and share a penchant for artificial color and worked surfaces.</p>
        <p>Augusto Arbizo, born in the Philippines, who organized the show, produces nature-based abstractions with generous layers of colored dots and strokes organized in web patterns around a central core of light. Suggesting microscopic views of leaves, they also have a pulsing, visionary presence. Mala Iqbal, a first-generation American of Pakistani and German origin, seems intent upon using a separate technique for each element in her hallucinatory landscapes: spray paint, sponging, stippling, trompe l'oeil. This is not an unusual ploy these days, but Ms. Iqbal uses it in a loose, unfinicky way, achieving a vibrant density (''Fence Graffiti'') when she doesn't go overboard (''Hungry Wolf Pack'').</p>
        <p>Seminaïve renderings of stylish interiors, which are the specialty of Kanishka Raja, also belong to a familiar genre (as seen in the work of Thomas Trosch, Dexter Dalwood and others). But Mr. Raja, who was born in Calcutta, adds especially high-key colors, jazzy patterns and spatial surprises like the Ruscha-like landscape in ''Cowboy and the Indian.'' Over all this show provides a good visual workout and makes one look forward to future efforts. Already Ms. Iqbal is showing several of hers in ''Yellow Brick Road,'' an exhibition at White Columns in Chelsea.</p>
        <p>ROBERTA SMITH</p>
        <p>ART IN REVIEW</p>
      </block>
    </body.content>
  </body>
</nitf>
