<?xml version="1.0" encoding="UTF-8"?>
<!DOCTYPE nitf SYSTEM "http://www.nitf.org/IPTC/NITF/3.3/specification/dtd/nitf-3-3.dtd">
<nitf change.date="June 10, 2005" change.time="19:30" version="-//IPTC//DTD NITF 3.3//EN">
  <head>
    <title>Corrections</title>
    <meta content="COR012053" name="slug"/>
    <meta content="12" name="publication_day_of_month"/>
    <meta content="1" name="publication_month"/>
    <meta content="2001" name="publication_year"/>
    <meta content="Friday" name="publication_day_of_week"/>
    <meta content="Metropolitan Desk" name="dsk"/>
    <meta content="2" name="print_page_number"/>
    <meta content="A" name="print_section"/>
    <meta content="4" name="print_column"/>
    <meta content="Technology; Corrections; New York and Region" name="online_sections"/>
    <docdata>
      <doc-id id-string="1262247"/>
      <doc.copyright holder="The New York Times" year="2001"/>
      <identified-content>
        <classifier class="indexing_service" type="descriptor">Music</classifier>
        <classifier class="indexing_service" type="descriptor">Correction Stories</classifier>
        <classifier class="indexing_service" type="descriptor">Computers and the Internet</classifier>
        <person class="indexing_service">Hatch, Orrin G (Sen)</person>
        <classifier class="online_producer" type="types_of_material">Correction</classifier>
        <classifier class="online_producer" type="taxonomic_classifier">Top/News/New York and Region</classifier>
        <classifier class="online_producer" type="taxonomic_classifier">Top/News/Corrections</classifier>
        <classifier class="online_producer" type="taxonomic_classifier">Top/News/Technology</classifier>
        <classifier class="online_producer" type="taxonomic_classifier">Top/Features/Arts/Music</classifier>
        <classifier class="online_producer" type="taxonomic_classifier">Top/Features/Travel/Guides/Activities and Interests/Music</classifier>
        <classifier class="online_producer" type="general_descriptor">Computers and the Internet</classifier>
        <classifier class="online_producer" type="general_descriptor">Music</classifier>
      </identified-content>
    </docdata>
    <pubdata date.publication="20010112T000000" ex-ref="http://query.nytimes.com/gst/fullpage.html?res=9D0CE5D8163DF931A25752C0A9679C8B63" item-length="68" name="The New York Times" unit-of-measure="word"/>
  </head>
  <body>
    <body.head>
      <hedline>
        <hl1>Corrections</hl1>
      </hedline>
      <abstract>
        <p>Correction of Jan 11 article on conference on music business and Internet; Sen Orrin Hatch will not become chairman of Senate Judiciary Committee until Jan 20</p>
      </abstract>
    </body.head>
    <body.content>
      <block class="lead_paragraph">
        <p>A report in the Technology Briefing column of Business Day yesterday about a conference on the music business and the Internet referred incorrectly to a speaker, Senator Orrin Hatch. He is the leading Republican on the Judiciary Committee, but will not be its chairman until Jan. 20, when Republicans regain control of the Senate with Vice President Dick Cheney able to break ties.</p>
      </block>
      <block class="full_text">
        <p>A report in the Technology Briefing column of Business Day yesterday about a conference on the music business and the Internet referred incorrectly to a speaker, Senator Orrin Hatch. He is the leading Republican on the Judiciary Committee, but will not be its chairman until Jan. 20, when Republicans regain control of the Senate with Vice President Dick Cheney able to break ties.</p>
      </block>
    </body.content>
  </body>
</nitf>
