<?xml version="1.0" encoding="UTF-8"?>
<!DOCTYPE nitf SYSTEM "http://www.nitf.org/IPTC/NITF/3.3/specification/dtd/nitf-3-3.dtd">
<nitf change.date="June 10, 2005" change.time="19:30" version="-//IPTC//DTD NITF 3.3//EN">
  <head>
    <title>Orchestrating a Deal, Organizing a Concert</title>
    <meta content="22suits-1" name="slug"/>
    <meta content="22" name="publication_day_of_month"/>
    <meta content="10" name="publication_month"/>
    <meta content="2006" name="publication_year"/>
    <meta content="Sunday" name="publication_day_of_week"/>
    <meta content="Money and Business/Financial Desk" name="dsk"/>
    <meta content="2" name="print_page_number"/>
    <meta content="3" name="print_section"/>
    <meta content="2" name="print_column"/>
    <meta content="Business" name="online_sections"/>
    <docdata>
      <doc-id id-string="1798809"/>
      <doc.copyright holder="The New York Times" year="2006"/>
      <series series.name="OPENERS: SUITS"/>
      <identified-content>
        <classifier class="online_producer" type="taxonomic_classifier">Top/News/Business</classifier>
        <classifier class="online_producer" type="taxonomic_classifier">Top/News/Business/Columns/Suits</classifier>
        <classifier class="online_producer" type="taxonomic_classifier">Top/News/Business/Media and Advertising</classifier>
        <classifier class="online_producer" type="taxonomic_classifier">Top/News/Business/Your Money</classifier>
        <classifier class="online_producer" type="taxonomic_classifier">Top/News/World/Countries and Territories/Russia</classifier>
        <classifier class="online_producer" type="taxonomic_classifier">Top/News/World/Countries and Territories/Russia and the Former Soviet Union</classifier>
        <classifier class="online_producer" type="taxonomic_classifier">Top/News</classifier>
        <classifier class="online_producer" type="taxonomic_classifier">Top/News/World/Europe</classifier>
        <classifier class="online_producer" type="taxonomic_classifier">Top/Features/Arts/Music</classifier>
        <classifier class="online_producer" type="taxonomic_classifier">Top/Features/Travel/Guides/Activities and Interests/Music</classifier>
        <classifier class="online_producer" type="taxonomic_classifier">Top/Classifieds/Job Market/Job Categories/Music, Theater and Dance</classifier>
        <classifier class="online_producer" type="taxonomic_classifier">Top/Features/Travel/Guides/Destinations/Europe</classifier>
        <classifier class="online_producer" type="taxonomic_classifier">Top/Features/Travel/Guides/Destinations/Europe/Russia</classifier>
        <classifier class="online_producer" type="general_descriptor">Oil (Petroleum) and Gasoline</classifier>
        <classifier class="online_producer" type="general_descriptor">Music</classifier>
      </identified-content>
    </docdata>
    <pubdata date.publication="20061022T000000" ex-ref="http://query.nytimes.com/gst/fullpage.html?res=9B02E1D9163FF931A15753C1A9609C8B63" item-length="156" name="The New York Times" unit-of-measure="word"/>
  </head>
  <body>
    <body.head>
      <hedline>
        <hl1>Orchestrating a Deal, Organizing a Concert</hl1>
      </hedline>
      <byline class="print_byline">By AMY CORTESE</byline>
      <byline class="normalized_byline">Cortese, Amy</byline>
    </body.head>
    <body.content>
      <block class="lead_paragraph">
        <p>How do you get to Carnegie Hall? ''Practice, practice, practice,'' goes the old joke.</p>
        <p>For Vagit Y. Alekperov, you might say it was ''pump, pump, pump.''</p>
      </block>
      <block class="full_text">
        <p>How do you get to Carnegie Hall? ''Practice, practice, practice,'' goes the old joke.</p>
        <p>For Vagit Y. Alekperov, you might say it was ''pump, pump, pump.''</p>
        <p>Mr. Alekperov, president of Lukoil, the Russian oil company, rented the famous hall for a private recital Wednesday evening to celebrate his company's 15th anniversary. Employees and assorted dignitaries were treated to a night of the Tchaikovsky Symphony Orchestra, joined by the fiery pianist Denis Matsuev and the bass-baritone Samuel Ramey, performing works by Rachmaninoff, Bernstein and others.</p>
        <p>The event signaled Mr. Alekperov's ambitions to build Lukoil into a major global player. The company acquired Getty Petroleum in 2000 and Nelson Resources in Kazakhstan in 2005. Just hours before the concert, Mr. Alekperov announced at an investment conference that Lukoil would spend up to $112 billion over the next decade to expand around the world and to increase refining capacity.</p>
        <p>How's that for a bravura performance?</p>
        <p>AMY CORTESE</p>
        <p>OPENERS: SUITS</p>
      </block>
    </body.content>
  </body>
</nitf>
